kdo,268,270,278,279,280,285,288,292,295,296,300,301,303,304,305,307,308,309,311,317,320,322,323,325,335,336,342,343,344,348,349,353,354,355,356,357,358,363,364
(H)Roznata,,,,,,,,,,,,,,,,,,,,,,,,,,,,,,,,,,,,,,1,
Agna fr. Petrus,,,1,,,,,,,,,,,,,,,,,,,,,,,,,,,,,,,,,,,,
Albertus,,1,,,,,,,,,,,,,,,,,,,,,,,,,,,,,,,,,,,,,
Albertus,,,,,,,,,,,,,,,,,,,,,,,,,,,,,,,,,,,,,1,,
Albrandus,,,,,,,,,,,,,,,,1,,,,,,,,,,,,,,,,,,,,,,,
Albrich,,,,,,,,1,,,,,,,,,,,,,,,,,,,,,,,,,,,,,,,
Alwik,,,,,1,,,,,,,,,,,,,,,,,,,,,,,,,,,,,,,,,,
andreas,1,,,,,,,,,,,,,,,,,,,,,,,,,,,,,,,,,,,,,,
Andreas,,,,,,,,1,,,,,,,,,,,,,,,,,,,,,,,,,,,,,,,
Andres miles,,,,,,,,,,,,,,,,1,,,,,,,,,,,,,,,,,,,,,,,
Arnust,,,,,číšník biskupa,,,,,,,,,,,,,,,,,,,,,,,,,,,,,,,,,,
Bawor,,,,,,,,,,,,,,,,,,,,,,,,,,,1,,?,,,,,,,,,,
Bel,,,,,,,,,,,,,,,,,,,,,,,,,,,,,,,,,,,,,,1,
Ben fr. Budiwoy,,,,,,,,,,,,,,,,,,,,,,,,,,,,,,,1,,,,1,1,1,,
Beneda fil. Stibor fr. Oldrichus,,,1,1,,,,?,,,,,,,,,,,,,,,,,,,,,,,,,,1,,,,,
Benes fil. Hermani,,,,,,,,,,,,,,,,,,,,,,,,,,,,,,,,,,,,1,1,,
Benich miles fil Domaslaus,,,,,,,,,,,,,,,,,,1,1,,,,,,,,,,,,,,,,,,,?,
Bernhardus,,,,,,,,,,,,,,,,1,1,,,,,,,,,?,,,,,,,,,,,,,
Berthol de Leysin,,,,,,,,,,1,,,,,,,,,,,,,,,,?,,,,,,,,,,?,?,,
Bertold,1,,,,,,,,,,,,,,,,,,,,,,,,,?,,,,,,,,,,?,?,,
Berwin,,,,,maršálek biskupa,,,,,,,,,,,,,,,,,,,číšník biskupa,číšník biskupa,,,,,,,,,,,,,,
Blascus fr. Derzislaus,,,,,,,,,,,,,,,,,,,,,,,,,,,,,,,1,,,,,,,,
Blego,,,,,,,,,,,,,,,,,,,,,,,,,,,,,,,,,,,,,1,,
Blegone,,,,litoměřický kastelán,litoměřický kastelán,litoměřický kastelán,,,,,litoměřický kastelán,litoměřický kastelán,,,litoměřický kastelán,,,,,litoměřický kastelán,,,,,,litoměřický kastelán,litoměřický kastelán,,,,,,,,,,,,
Boges,,,,,,,,,,,,,,,,,,,,,,,,,,,,,,,,,,,,,,,1
Bogg,,,,,,,,,,,kladský kastelán,,,,,,,,,,,,,,,,,,,,,,,,,,,,
Boguchval,,,,,,,,1,,,,,,,,,,,,,,,,,,?,,,,,,,,,,,,,
Bogusa fr. Ratibor,,,,,,,,1,,1,,1,,kladský kastelán,,,,1,,,1,,kladský kastelán,,,,,,,,,,,,,,,,
Bogusa Suar,,1,,,,,,?,,,,,,,,,,,,,,,,,,,,,,,,,,,,,,,
Boguslau,,,,,,1,?,?,,,,,,,,,,,,,,,,,,?,,?,,,,,,,,,,,
Bogussa,,,,,,,,1,,,,,,,,,,,,,,,,,,,,,,,,,,,,,,,
Boguzlaus,,,,,,,,,,,,,,,,,,,,,,,,,,,,,,,,,,,,,,,1
Bohedaz Radozte,,,,,,,,,,,,,,,,,,,,,,,,,,,,,1,,,,,,,,,,
Bohuslaus,,,,,,,,1,,,,,,,,,,,,,,,,,,?,?,?,,1,,,,žatecký kastelán,žatecký kastelán,,,,
Bohuta,,,,,,,,1,,,,,,,,,,,,bílinský kastelán,1,,,,,,1,,,,1,,,,1,,,,
Bolezlav,,,,,,1,,,,,,,,,,,,,,,,,,,,,,,,,,,,,,,,,
Boris,,1,,,,,,,,,,,,,,,,,,,,,,,,,,,,,,,,,,,,,
Borse fr. Grabisse,,,,,,,,,,,,,,,,,,,,,1,,,,,,,,,,,,,,,,,,
Boruta,,,,,,,,,,,,,,,,,,,,,,,,,,,,,,,,,,,,,1,,
Boza,,,,,,,,1,,,,,,,,,,,,,,,,,,,,,,,,,,,,,,,
Boztech,,,,,,,,1,,,,,,,,,,,,,,,,,,,,,,,,,,,,,,,
Bribislav,,,,,,,,,,,,,,,,,,,,,,,,,,,,,,,,,,,,,,1,
Brum,,,,,,,,,,,,1,,,,,,,,,,,,,,,,,,,,,,,,,,,
Budilo?,,,,,,1,,,,,,,,,,,,,,,,,,,,,,,,,,,,,,,,,
Budiwoj,,,čáslavský kastelán,,vyšehradský kastelán,?,,?,,,,,,,,,,,,?,,,,,,?,?,,,,?,,,,?,?,?,,
Budiwoy fr. Derzislaus,,,,,,,,,,,,,,,,,,,,,,,,,,,,,,,1,,,,?,?,?,,
Buche,,,,,,,,,,,,,,,,,,,,,,,,,,,,,1,,,,,,,,,,
Bun fr.,,,,,,,,,,,,,,,,,,,,,,,,,,1,?,1,1,,1,,,,,,1,,
Cach,,,,,,,,1,,,,,,,,,,,,,,,,,,,,,,,,,,,,,,,
Castus fil.Siburce,,,,,,,,,,,,,,,,,,,,,,,,,,,,,,,1,,,,,,,,
Cec,,,dvorský sudí,1,dvorský sudí,,,,,,,,,,,,,,,,,,,,,,,,,,,,,,,,,,
Certa,,,,,,,,1,,,,,,,,,,,,,,,,,,,,,,,,,,,,,,,
Clusene fr. Baviar(avor?),,,,,,,,,,,,,,,,,,,,,,,,,,,,,1,,,,,,,,,,
Coiata,,,,,,,,,,,,,,,,1,podkomoří,,,1,,,,,,,,,,,,,,,,,,,
Conec iudex,,,,,,,,,,,,,,,,,,,1,,,,,,,,,,,,,,,,,,,,
Conradus mil. Fil. Milg,,,,,,,,,,,,,,,,,,,,,,,,,,,,,,,,,,1,,,,,
Conradus,,,,,,,,,,,,,,číšník,,,,,,,,,,,,,,,,,,,,,,,,,
Crazen,,,,,,,,,,,,,,,,,,,,,,,,,,,,,,,,,,,,,,1,
Cstata,,olomoucký kastelán,,,,?,,?,,,,,,,,,,,,,,,,,,,,,,,,,,,,,,,
Cstibor,,,,,,,,,,,,,,,,,,,,,,,,,,,,,,,,,,,,1,,,
Culsche,,,,,,,,,,,,,,,,,,,1,,,,,,,,,,,,,,,,,,,,
Cuna,,,,,,,,,,,,,,,,,1,,,1,,,,,,,,,,,,,,,,,,,
Cunradus fil. Godescal,,,,,,,,,,,,,,,,,,,,,,,,,,,,,1,,,,,,,,,,
Cunrat fil. Protlue,,,,,,,,,,,,,,,,,,,,,,,,,,,,,1,,,,,?,,,,,
Cunrat fil. Sturm,,,,,,,,,,,,,,,,,,,,,,,,,,1,,,,,,,,,,,,,
Cuzsud,,,,,,,,,,,,,,,,,,,,,,,,,,,,,,,,,,,,,,,1
Czaslau,,,,,,,,1,,,,,,,,,,,,,,,,,,,,,,,,,,,,,,,
Cztibor,,,,,,,,,,,,,,,,,1,,,,,,,,,,,,,,,,,,,,,,
Dalebor,,,,,podkomoří biskupa,,,,,,,,,,,,,,,,,,,,,,,,,,,,,,,,,,
Dama de Keststr,,,,,,,,,,,,,,,,,,,,,,,,,,,,,,,1,,,,,,,,
Damian,,,,,,,,,,,,,,,,,,,,,,,,,,,1,,,,,,,,,,,,
Danigauus,,,,,,,,,,,,,,,,,,,,,,,,,,,,,1,,,,,,,,,,
Derrich Nedameric,,,,,,,,,,,,,,,,,,,,,,,,,,,,,,,,,,,1,,,,
Dětleb fil Gumpoldi,,,,,,,,,,1,,,,,,,,,,,,,,,,,,,,,,,,,,,,,
Detrih,,,,,,,,,,,,,,,,,,,,,,,,,,,,,,1,,,,,,,,,
Dirislaus,,,,,,,,1,,,,,,,,,,,,1,1,bílinský kastelán,,,,1,,1,,,,,,,,,,,
Dirsara,,,,,,,,,,,,,,,,,,,,,,,,,,,,,,,,,,,1,,,,
Dirsislaus fil Ruz,,,,,,,,,,,,,,,,,,,,,,,,,,,1,,,,,,,,,,,,
Ditleb,,,,,,,,,,,,,,,,,,,,,,,,,,,1,,,,,,,,,,,,
Divis ,,,,,,,,,,,,,,,,,,,,podkomoří,1,,,,,1,1,,,,,,,,,,,,
Dlugomil,,,číšník,číšník,maršálek,1,,,,,,,,,,,,,,,,,,,,,,,,,,,,,,,,,
Dluhemil mi. Clusene,,,,,,,,,,,,,,,,,,,,,,,,,,,,,1,,,,,,,,,,
Dobremil,,,,,,,,1,,,,,,,,,,,,,,,,,,,,,,,,,,,,,,,
Dobrogost fr. Mutine,,,1,1,,1,,,,,,,,,,,,,,,,,,,,,,,,,,,,,,,,,
Dobromucel,,,,,,,,,,,,,,,,,,,,,,,,,,,,,,,,,,,,,,,sudí
Domaslaus fr. Benic,,,,,,,,,,,,,,,,,,,1,,,,,,,,,,,,,,,,,,,,
Drisek,,,,,,,,,,,,1,,,,,,,,,,,,,,,,,,,,,,,,,,,
Drisizlav,,,,,1,,1?,?,,,,,,,,,,,,,,,,,,,,,,,1,,,,,,,,
Emmeram fr.Pribislau,,,,,,,,,,,,1,,,,,,,,,,,,,,,,,,,,,,,,,,,
Eppa,,,,,,,,1,,,,,,,,,,,,,,,,,,,,,,,,,,,,,,,
Erkenbreht,,,,,podstolí biskupa,,,,,,,,1,,,,,,,,,,,1,podstolí biskupa,,,,,,podstolí biskupa,,,,,,,,
Ernest,,,,,,,,,,,1,,,,,,,,,,,,,,,,,,,,,,,,,,,,
Ernestus fr. Groz. Fil. Zezeme,,,,,,,,,,,,,,,,,,,,,,,1,,,?,,,,,,,,,1,,,,
Gagec,,,,,,,,,,1,,,,,,,,,,,,,,,,,,,,,,,,,,,,,
Gauel fr. Hermannus,,,1,1,,1,,,,,,,,,,,,,,,,,,,,,,,,,,,,,,,,,
Georgius de Milevic,,,,,,,,,,,,,,,,,,,,netolický kastelán,,,,komoří biskupa,komoří biskupa,,,,,,,,,,,1,1,,
Gerdon,,,,,,,,,,,1,,,,,,,,,,,,,,,,,,,,,,,,,,,,
Gerprechtus,,,,,,,,1,,,,,,,,,,,,,,,,,,,,,,,,,,,,,,,
Glupen,,,,,,1,,,,,,,,,,,,,,,,,,,,,,,,,,,,,,,,,
Gotezslav,,,,,1,,,,,,,,,,,,,,,,,,,,,,,,,,,,,,,,,,
Gothebor fr. Derrich,,,,,,,,,,,,,,,,,,,,,,,,,,,,,,,,,,,1,,,,
Gotpoldo fil Lutuin,,,,,,,,,,1,,,,,,,,,,,,,,,,,,,,,,,,,,,,,
Gotsalac de Olesna,,,,,,,,,,1,,,,,,,,,,,,,,,,,,,,,,,,,,,,,
Gozten,1,,,,,,,,,,,,,,,,,,,,,,,,,,,,,,,,,,,,,,
Grabissa ,,,,,,,,komoří,komoří,,,,,,,,,,,,komoří,,,,,komoří,,,,komoří,komoří,,,komoří,komoří,komoří,komoří,,
Grabissa fil Grabissa,,,,,,,,,,,,,,,,,,,,,,,,,,,,,,,,,,,,,1,,
Gronek,,,,,,,,,,,,,,,,,1,,,,,,,,,,,,,,,,,,,,,,
Groznata fil. Zezeme,,,,,,,,,,,,,,,,,,,,,,,1,,,,,,,,,,,,,,,,
Hageno fil. Milgozti,,,,,,,,,,,,,,,,,,,,,,,,,,,,,,,,,,1,,,,,
Hartelebus,,,1,,komoří biskupa,,,,,,,,1,,,,,,,,,,,1,stolník,,,,,,,,,,,,,,
Hartwik filius Ztrih,1,,,,,,,,,,,,,,,,,,,,,,,,,,,,,,,,,,,,,,
Havel,,,,,,,,,,,,,,,,,,,,,,,,,,,,,,,,,,,,,1,,
Heinricho ,,,,,,,,,,,,,,,,,,,,podkonní,,?,,,,,,,,,,,,,,,,,
Heinricho fr. Boguslaus,,,,,,,,,,,,,,,,,,,,,,,,,,,,,,,,,,,,,,,1
Henricus,,,,,,,,1,,,,,,,,,,,,,,,,,,,,,,,,,,,,,,,
Henricus,,,,,,,,,,,,,,,,,,,,,,,,,,,1,,,,,,,,,,,,
Henricus Naczerad,,,,,,,,,,,,,,,,,,,,,,,,,,,,,,,,,,,1,,,,
henrichus fil Winheri,,,,,,,,,,,,,,,,,,,,,,,,,,,,,,,,,,1,,,,,
Herman fil. Bertholdus,,,,,,,,,,,,,,,,,,,,,,,,,,,,,,,,,,,,,1,,
Hermann fil. Hugone,,,,,,1,,,,,,,,,,,,,,,,,,,,,,,,,,,,,,,,,
Hermanno,,,,,,,,,,1,,,,,,,,,,,,,,,,,,,,,,,,,,,,,
Hermannus,,,,,,,,1,,,,,,,,,,,,,,,,,,,,,,,,,,,,,,,
Hermannus,,,maršálek,maršálek,komoř,1,1,,,,1,,,,,,,,,1,1,,komoří,,,1,,,,1,,,,,1,,1,,
Hermannus fil Wilhelmi,,,,,,,,,,,1,1,,,,,,,,,,,?,,,1,,1,,1,,,,,,,,,
Hertwicus miles,,,,,,,,,,,,,,,,,,1,1,,,,,,,,,,,,,,,,,,,,
Hogir de Radoniz,,,,,,,,,,,,,,,,,,,,,,,,,,,,,,,,,,1,1,,,,
Hoika,,,,,,,,,,,1,,,,,,,,,,,,,,,,,,,,,,,,,,,,
Honata fr. Bogutha,,,,,,,,,,,,,,,,,,,,,,,,,,,,,,,1,,,,,,,,
Hren,,,,,,,,,,,,,,,,,,,,,,,,,,,,,,,,1,,,,,,,
Hrosnata calvus,,,,,,,,1,,,1,,,,dispensator,1,,,,,,,,,,,,,,,,,,,,,,,
Hroznata,,,,,,,,číšník,,,komoří,komoří,,komoří,komoří,,komoří,1,,,,,,,,,,,,,,,,,,,,,
Hual fil. Preda,,,,,,,,,,,,,,,,,,,,,,,,,,,,,,,1,,,,,,,,
Hugo,,,,,,,,,,,,,,,,,,,,,,,,,,,,,,,,,,1,,,,,
Chiske,,,,,,,,,,,1,,,,,,,,,,,,,,,,,,,,,,,,,,,,
Cholaz,,,,,,,,,,,,,,,,,,,,,,komoří kněžny,,,,,,,,,,,,,,,,,
Ian de Natunic,,,,,,,,,,,,,,,,,,,,,,,,,,1,1,1,,,,,,,,,,,
Ierozlaus,,,,,,,,,,,,,,,,,,,,,,,,,,,,,,,,,,,1,1,1,,
Iessutbor,,,,,,,,,,,,1,,,,,,,,,,,,,,,,,,,,,,,,,,,
Igenis fil Bozethe,,,,,,,,,,1,,,,,,,,,,,,,,,,,,,,,,,,,,,,,
Imram,,,,,,,1,,,,,,,,,,,,,,,,,,,,,,,,,,,,,,,,
Ioaness,,,,,,,,,,,,,,,,,,,,,,,,,,,,,,,,1,,,,,,,
Iscislaus,,,,,,,,,,,,,,,,,,,,,,,,,,,,,,,,,1,,,,,,
Isdata Witkouc,,,,,,,,,,,,1,,,,,,,,,,,,,,,,,,,,,,,,,,,
Iurata,,,,,,1,,,,,,,,,,,,,,,,,,,,,,,,,,,,,,,,,
Iuric,,,,,,,,,,,,,,,,,,,,,,,,,,,,,,stolník,,,,,,,,,
Iurik Iurikovicz,,,,,,,,,,,,,,,,,,,,,,,1,,,,,,,,,,,,,,,,
Iuriz fil. Zlawathe,,,,,,,,,,,,,,,,,,,,,,,,,,,1,1,,,,,,,,,,,
Jan fili Episcopi,,,,,,,,,,,1,,,1,,,,,,,,,,,,,,,,,,,,,,,,,
Jan fr Golaz,,,,,,,,,,,1,,,,,,,,,,,,,,,1,,,,,,,,,,,,,
Janek,,,,,,1,,,,?,?,,,,?,,,,,,,,,,,,,,,?,?,,,,,,,,
Jarognev,,,žatecký kastelán,žatecký kastelán,,,,,,,,,,,,,,,,,,,,,,,,,,,,,,,,,,,
Jaros,,,,,,,,,,,,,,,,,,,,,,,,,,,,,,,podčeší,,,,,,,,
Jaros,,přerovský kastelán,,1,,,,,,,,?,,,,,,,,,,,,,,,,,,,,,,,,,,,
Jaros fil Ratibor,,,,,,,,,,,1,?,,,,,,,,,,,,,,,,,,,,,,,,,,,
Jaros filius Cstetensis,,1,,,,,,,,,,,,,,,,,,,,,,,,,,,,,,,,,,,,,
Jarozlaw,,,,,,,,,,,,,,,,,1,,,,,,,,,?,,,,,,,,,,,,,
Johannes de Zvlezlav,,,,,,,,,,,,,,,,,,,,,,,,,,,,,,,,,,,,,,1,
Johannes,,,,,,,,sudí,sudí,sudí,sudí,sudí,,sudí,,,,,,sudí,,,,,,plzeňský sudí,,,sudí,,,,,,,1,,,
Juriko fil. Jurik,,,,1,,,,,,,,,,,,,,,,,,,,,,,,,,,,,,,,,,,
Karolo,,,,,,,,,,,,,,,,,,,,1,,,,,,,,,,,,,,,,,,,
Klusna,,,,,,,,,,,,,,,,,,,,1,,,,,,,,,,,,,,,,,,,
Kohan,,,doudlebský kastelán,,,,,?,,,,,,,,,,,,,,,,,,,,,,,,,,,,,,,X
Kochan,,,,,,,,,,,,,,,,,,,,,,,,,,,,,,,,1,,,,,,,
Konrád Znojemský,,,,,1,,,,,,,,,,,,,,,,,1,,,,,,,,,,,,,,,,,
Krabka,,,,,,,1,1,,,,,,,,,,,,,,,,,,,,,,,,,,,,,,,
Kralo,,,,,,,,1,,,,,,,,,,,,,,,,,,,,,,,,,,,,,,,
Lamcus,,,,,,,,,,,,,,,,,,,,1,,,,,,,,,,,,,,,,,,,
Laztibor,,,,,,,,,,,1,,,,,,,,,,,,,,,,,,,,,,,,,,,,
Lenart,,,,,,,1,,,,,,,,,,,,,,,,,,,,,,,,,,,,,,,,
Letar,,,,,,,,,,,,stolník,,stolník,stolník,1,,,,komoří,,,,,,,,,,,,,,,,,,,
Licholut consobrinus Milgozti,,,,,,,,,,,,,,,,,,,,,,,,,,,,,,,,,,1,,,,,
Luder,,,,,,1,,,,,,,,,,,,,,,,,,,,,,,,,,,,,,,,,
Ludewic,,,,,,,,,,,,,,,,,,,,,,,,,,,,,1,,,,,,,,,,
Ludwik,,,,,,1,,,,,,,?,,,,,,,,,,,,,,,,,,,,,,,,,,
Lutek,,,,,,,,,,,,,,,,,,,,,,,,,,,,,,,,,1,,,,,,
Lutherus de Buitic,,,,,,,,,,,,,,,,,,,,,,,,,,,,,,,,,,1,,,,,
Lutholig fr. Wezmili,,,,,,,,,,,,,,,,,,,,,,,,,,,,,,,,,,,1,,,,
Lutobor fil. Smil,,,,,,,,,,1,boleslavský kastelán,,,,,,,,,,,,1,,,1,,,1,,,,,,,,,,
Lutognew,,,,,,,,,,,,1,,,,,,,,,,,,,,,,,,,,,,,,,,,
Lutold,,,,,číšník biskupa,?,,,,,,,,,,,,,,,,,,,,,,,,,,,,,,,,,
Lutolphus fil Wintheri,,,,,,,,,,,,,,,,,,,,,,,,,,,,,,,,,,1,,,,,
Lutuin,,,,,,,,,,1,,,,,,,,,,,,,,,,,,,,,,,,,,,,,
Lutwin,,,,,,,,,,,1,,,,,,,,,,,,,,,,1,,1,,,,,,,,,,
Marquart fil. Hermanni,,,,,,,,,,,,,,,,,,,,,,,,,,,,,,,,,,,,,1,,
Marquartus,,,,,,,,,,,,,,,,1,,,,,,1,,?,podčeší biskupa,1,,,,,,,,,?,,,,
Martin fil. Oztre,,,,,,,,,,,,,,,,,,,,,,,,,,1,,,,,,,,,,,,,
Martin Ozretic,,,,,,,,,,,,,,,,,,,,,,,,,,,,,,,,,,1,1,,,,
Martinus,,,,,,,,1,,,,,,,,,,,,,,,,,,,,,,,,,,,,,,,
Martinus,,,,,,,,1,,,,,,,,,,,,,,,,,,,,,,,,,,,,,,,
Martinus de Zaiaczic,,,,,,,,,,,,,,,,,,,,,,,,,,,,,,,1,,,,,,,,
Matheo fil. Weztei,,,,,,,,,,,,,,,,,,,,,,,,,,,,,,,,,,,,,,,1
Matheus,,,,,,,,,,,,,,,,,,,,,,,,,,,,,,,,,,,,1,,,
Matheus fr Jan?ek,,,,,,,,1,,1,,,,,lovčí,,,,,stolník,,,stolník,,,,?,,,,,,,,,,,,
Matholth,,,,,,,,,,,,1,,,,,,,,,,,,,,,,,,,,,,,,,,,
Michal,,1,,,,,,,,,,,,,,,,,,,,,,,,,,,,,,,,,,,,,
Michul,,,,,,,,,,,,,,,,,,,,,,,,,,,1,,,,,,,,,,,,
Milata,,1,,,,,,?,,,,,,,,,,,,,,,,,,,,,,,,,,,,,,,
Milgost fr. Petrus,,,1,,,,,,,?,,,,,,?,,,,,?,,,,,,?,,,,,,,,,,,,
Milgozt,,,,,,,,,,1,,,,,,?,,,,,?,,,,,,?,,,1,,,,,,,,,
Milgozt fil. Milgozti,,,,,,,,,,,,,,,,,,,,,,,,,,,,,,,,,,,1,,,,
Milic,,,,,,,,,,,,,,,,,,,,,,,,,,,,,,,,,,,,,,,1
Milk,1,,,,,,,,,,,,,,,,,,,,,,,,,,,,,,,,,,,,,,
Miloslaus,,,,,,,,1,,,,,,,,,,,,,,,,,,,,,,,,,,,,,,,
Milotha fr. Bun,,,,,,,,,,,,,,,,,,,,,,,,,,,,,,,1,,,,,,,,
Mirozlaus,,,,,,,,,,,,,,,,,,,,,,,,,,,1,,,,,,,,,,,,
Mistislaus,,,,,,,,1,,,,,,,,,,,,,,,,,,,,,,,,,,,,,,,
Mladota,,sudí,,,,,,?,,,,,,,,,,,,,,,,,,,,,,,,,,,,,,,
Modlik,,,,,,,,,,,,,,,,,,,,,1,,,,,,,,,,,,,,,,,,
Moiec,,brněnský kastelán,,,,,,,,,,,,,,,,,,,,,,,,,,,,,,,,,,,,,
Moymir,,,,,,,,,,,,,,,,,,,,,1,,,,,,,,,,,,,,,,,,
Mrakota,,,,,,,,,,,,,,,,,,,,,,,,,,,,,,,,,1,,,,,,
Mutine,,,pražský kastelán,1,1,1,,,,,?,číšník,,,,,,,,,,,,,,?,,,,,,,,,,,?,,
Nacepulc,,,,,,,,,,,,,,,,,,,,,,,,,,,,,,,,,,,,1,,,
Nacerad,,,,,,,,1,,,,,,,,,,,,,1,,,,,,,,,,,,,,,,,,
Naczepulc,,,,,,,,,,,,,,,,,,,,,,,,,,1,,,,,,,,,,,,,
Nadamir,,,,,,,,,,,,,,,,,,,,,,,,,,,1,,,,,,,,,,,,
Nausa,,,,,,1,,,,,,,,,,,,,,,,,,,,,,,,,,,,,,,,,
Nedamir,,,,,,,,,,,,,,,,,,,,,,,,,,,,,,,,,1,,,,,,
Norberc,,,,,,,,,,,,,,,,,,,,,,,,,,,,,1,,,,,,,,,,
Noztup,,,,,,,,,,,,,,,,,1,,,,,,,,,,,,,,,,,,,,,,
Nuzluha,,,,,,,,,,,,,,,,,,,1,,,,,,,,,,,,,,,,,,,,
Obiden fr. Petrus,,,,,,,,,,,,1,,,,,,,,,,,,,,,,,,,,,,,,,,,
Odolen,,,,,,,,,,,,,,,,,,,,,,,,,,,,,,,,1,,,,,?,,
Odolenus,,,,,,,,,,,,,,,,,,,,,1,,,,,,,,,,,?,,,,,?,,
Oldricus fil Stibor,,,1,1,,?,,,,,,,,,,,,,,,,,,,,,,,,,,,,,,,,,
Oldrich,,,,,,,,,,,,,,,,,,,,,,,,,,,,1,,,,,,,,,,,
Oldrichus de Zizinkou,,,,1,netolický kastelán,?,,,,,,,,,,,,,,,1,,,,,,,,,,,,,,,,,,
Oldřich Přemyslovec,,,,1,,,,,,,,,,,,,,,,,,,,,,,,,,,,,,,,,,,
Olrichus fil. Oldrichi,,,,,,,,,,,,,,,,,,,,,,,,,,,,,,,1,,,,,,,,
Ones,,,,,,1,,komoří,,,,,,,,,,,,,,,,,,,,,,,,,,,,,,,
Oraz,,,,,,,,,,,,,,,,,,,,,,,,,,,,,,,,,,,1,,,,
Ota,,,,,,,,,,,,,,,,,,,,,,,,,,,,1,,,,,,,,,,,
Otewec,,,,,,,,,,,,,,,,,,,,,,,,,,,,1,,,,,,,,,,,
Otezlau,,,,,,,,,,,,,,,,,,,,,,,,,,1,,,,,,,,,,,,,
Otrad fil Otradi,,,,,,,,,,,,,,,,,1,,,,,,,,,,,,,,?,,,,,,,,
Otto de Woirzan,,,,,,,,,,,,,,,,,,,,,,1,,,,1,,,,,,,,,,,,,
Otto fr. Wissa et Marq,,,,,,,,,,,,,,,,,,,,,,kaplan,,,,,,1,,,,,,,,,,,
Pabian,,,,,,,,,,,1,1,,,,,,,,,,,,,,,,,,,,,,,,,,,
Pauolo fratri Slaueborii,,1,,,,,,,,,,,,,,,,,,,,,,,,,,,,,,,,,,,,,
Pelegrin fr. Riunus,,,1,1,,,,,,,,,,,,,,,,,,,,,,,,,,,,,,,,,,,
Petr,1,,,,,,,,,,,,,,,,,,,,,,,,,,,,,,,,,,,,,,
Petr,,,,,,,,,,,,,,,,,1,,,,,,,,,,,,,,,,,,,,,,
Petr fr. Sdeslaus,,,,,,1,,,,,,,,,,,,,,,,,,,,,,,,,,,,,,,,,
Petrus,,,,,,,,1,,,,,,,,,,,,,,,,,,,,,,,,,,,,,,,
Petrus,,,,,,,,,,,,,,,,,,,,,,,,,,1,1,,,,,,,,,,,,
Petrus,,,,,,,,,,,,,,,,,,,,,,,,,,,,,,,,,1,,,,,,
Petrus,,,,,,,,,,,,,,,,,,,,,,,,,,,,,,,,,,,,,,,1
Petrus de Carde,,,,,,,,,,,1,,,,,,,,,,,,,,,,,,,,,,,,,,,,
Petrus fil. Milgozi,,,,,,,,,,,,,,,,,,,,,,,,,,,,,,,,,,1,,,,,
Petrus fil. Obiden,,,,,1,,,,,,,1,,,,,,,,,,,,,,,,,,,,,,,,,,,
Petrus,,sudí,,,,,,,,,,,,,,,,,,,,,,,,,,,,,,,,,,,,,
Petrus mil. Clusene,,,,,,,,,,,,,,,,,,,,,,,,,,,,,1,,,,,,,,,,
Petrus,,,dřevíčský kastelán,,,,,,,,,,,,,,,,,,,,,,,,,,,,,,,,,,,,
Pilunk,,,,,,1,,,,,,,,,,,,,,,,,,,,,,,,,,,,,,,,,
Pocin,,,,,,,,,,,,,,,,,,,,,,,,,,,,1,,,,,,,,,,,
Pomnen,,,,,,,,,,,,,,,,,,,,,,,,,,,,,,,,1,,,,,,,
Pomnenus,,,,,,,,1,,,,,,,,,,,,,,,,,,,,,,,,?,,,,,,,
Pozden,,,,,,,,,,1,,,,,,,,,,,,,,,,,,,,,,,,,,,,,
Preda,,,,,1,,,,,,,,,,,,,,,,,,,,,,,,,,1,,,,,,,1,
Predbor fr. Oldrih,,,,,,1,,,,,,,,,,,,,,,,,,,,,,,,,,,,,,,,?,
Predota,,,,,,,,,,,,,,,,1,,,,1,,dvorský sudí,dvorský sudí,,,,,,1,,,,,,,,,,
Predvor,,,,,,,,,,,,,,,,1,,,,,,,,,,,,,,,,,,,,1,,?,
Pribizlau,,,,,,,,,,,,,,,,,,,,,,,,,,1,,,,,,,,,,,,,
Protiwafil Conradi,,,,,,,,podkonní,,podkonní,,,,,,,,,,,,,,,,,,1,,,,,,,,,,,
Prybyslau,,,,,,,,1,,,,?,,,,,,,,,,,,,,,,,,,,,,,,,,,
Prybyslau fil Hemmerami,,,,,,,,,,,,,,,,,,,,,,1,,,,,,,,,,,,,,,,,
Prybyzlaus fil. Cozhe,,,,,,,,,,,,,,,,,,,,,,,,,,1,,,,,,,,,,,,,
Przybyslau,,,,,boleslavský kastelán,?,,?,,,mečník,?,,,,,,,,,,,,,,,,,,,,,,,,,,,
Przybyslaus,,,,,,,,,,,,,,,,,,,,,,,,,,,,,,,,,1,,,,,,
Przybyslaw,1,,,,,,,,,,,?,,,,,,,,,,,,,,,,,,,,,,,,,,,
Przybyslaw de villa Bernhardi,1,,,,,,,,,,,?,,,,,,,,,,,,,,,,,,,,,,,,,,,
Purkos,,,,,,,,,,,,,,,,,,,,,,,,,,1,,,,,,,,,,,,1,
Quaxa,,,,,,,,,,,,,,,,1,,,,,,,,,,,,,,,,,,,,,,,
Radoslaus,,,,,,,,,,,,,,,,,,,,,,,,,,,,,,,,1,,,,,,,
Radouzlaus,,,,,1,,,?,,,,,,,,,,,,,,,,,,,,,,,,,,,,,,,
Radouzlaus fr Step M.,,,,,,,,,,,,,,,,,,,,,1,,,,,,,,,,,,,,,,,,
Ranec,,,,,,,,,,,,,,,,,,,1,,,,,,,,,,,,,,,,,,,,
Rapota scriba,,,,,,,,,,,,1,,,,,,,,,,,,,,,,,,,,,,,,,,,
Ratibor castelanus Godonensis,,hodonínský kastelán,,1,,,,,?,,netolický kastelán,,,,,,,,,vyšehradský kastelán,?,,1,,,dvorský sudí,,,,,,,,,kladský kastelán,,,?,
Regnero,,,,,,,,,,,,,,,,,,,,1,,,,,,,,,,,,,,,,,,,
Reinart,,,,,podkomoří biskupa,,,,,,,,1,,,,,,,,,,,1,,,,,,,,,,,,,,,
Rim,,,,,,,,,,,,,,,,,1,,,,,,,,,,,,,,,,,,,,,,
Riudolfo fil Hermanno,,,,,,,,,,1,,,,,,,,,,,,,,,,,,,,,,,,,,,,,
Riuinuis,,,kladský kastelán,kladský kastelán,,stolník,,,,,,,,,,,,,,,,,,,,,,,,,,,,,,,,,
Rochce,,,,,,,,,,,,,,,,,,,,,,,,,,,,,,,,1,,,,,,,
Romanis,,,,,,,,,,,,,,,,,,,,1,,,,,,,,,,,,,,,,,,,
Ropreht,,,,,,,,,,,,,,,,,,,,,,,,,,,,,,1,,,,,,,,,
Roznet,,,,,,,,,,1,,,,,,,,,,,,,,,,,,,,,,,,,,,,,
Rudolfus,,,,,kouřimský kastelán,,,,,?,,,,,,,,,,,,,,,,,,,,,,,,,,,,,
Russa,,,,,,,,1,,,,,,,,,,,,,,,,,,,,,,,,,,,,,,,
Ruz fr. Drizislau,,,,,,,,,,,,,,,,,,,,1,1,,,,,1,,1,,,,,,,,,,,
Scazzlav,,,,,,1,,?,,,,,,,?,,,,,,,,,,,,,,,,,,,,,,,,
Sdeslaus,,,komoří,komoří,žatecký kastelán,1,,,,,žatecký kastelán,,,,,,,,,,,,,,,,,,,,,,,,,,,,
Sifridus mil. Fil. Milgozti,,,,,,,,,,,,,,,,,,,,,,,,,,,,,,,,,,1,,,,,
Slaubor,,,,,,,,,,,,,,,,,,,,1,1,,,,,,1,,,,,,,,,,,,
Slauebor,,komoří,,,,,,,,,,,,,,,,,,,,,,,,,,,,,,,,,,,,,
Smil fr. Nacerat,,,,,,,,,,,,,,,,,,,,,1,,,,,?,,,,,?,,,,?,,?,,
Smilek,,,,,,,1,,,,,,,,,,,,,,,,,,,,,,,,,,,,,,,,
Sobegerd fil. Pribislai,,,,,,,,,,,,,,,,,,,,,,,1,,,,1,,,,,,,,,,,,
Steffanus,,,,,,,,,,,,,,,,kaplan,,,,,,,,,,,,,,,,,,,,,,,
Stephan fil Milgozt,,,,,,,,,,1,,,,,,,,,,,,,,,,,,,,,,,,,,,,,
Stephano,,,,,,,,,,,,,,,,,,,,netolický kastelán,1,,,,,,,,,,,,,,,,,,
Stephanus Morkowic,,,,,,,,,,,,,,,,,,,,,1,,,,,,,,,,,,,,,,,,
Stephanus,,,,,číšník biskupa,,,,,,,,,,,,,,,,,,,,,,,,,,,,,,,,,,
Stibor synovec Benedy,,,,,,,,,,,,,,,,,,,,,,,,,,,,,,,,,,1,,,,?,
Stzybor fil Roperti,,,,,,,,,,1,,,,,,,,,,,,,,,,?,?,,,,,,,,,,,?,
Suest,,,,,,,,,,,,,,,,,,,,,,,,,,,,,1,,,,,,,,,,
Sulislau,,1,,,,,,?,,,,,,,,,,,,,,,,,,,,,,,,,,,,,,,
Swar,,,,,,,,1,,,,,,,,,,,,,,,,,,,,,,,,,,,,,,,
Thema,,,,,,,,,,,,,,,,,,,,,1,,,,,1,,,,,,,,,,,,,1
Theodoricus de Protiva,,,,,,,,,,,1,,,,,,,,,,,,,,,,,,,,,,,,,,,,
Troian fil.Velizlai,,,,,,,,,,,,,,1,,,,,,1,,,,,,,?,,1,,,,,,,,,,
Twrdsa,,podivínský kastelán,,,,,,,,,,,,,,,,,,,,,,,,,,,,,,,,,,,,,
Ulrichus de Zulislao,,,,,,,,,,,,,,,,,,,,,,,,,,,1,,,,,,,,,,,,
Ulrichus Drzislaus,,,,,,,,,,,,,,,,,,,,,,,1,,,,,,,,,,,,,,,,
Vacemil,,1,,,,,,,,,,,,,,,,,,,,,,,,,,,,,,,,,,,,,
Vaceslau (dux olomuncensis),,1,,1,,,,,,,,,,,,,,,,,,,1,,,,,,,,,,,,,,,,
Vbislaus de Trebonin,,,,,,,,,,,,,,,,,,,,,,,,,,,,,,,1,,,,,,,1,
Velis,,,,,,,,,,,,,,,,,,,,pražský kastelán,,,,,,,,,,,,,,,,,,,
Vgolt,,,,,,,,,,,,,,,,,,,,,,,,,,,,1,,,,,,,,,,,
Via,,,,,,,,,,,,,,,,,,,,,,,,,,,,,,,,,,,,,1,1,
Vimika,,,,,,,,,,,,,,,,,,,,,,,1,,,,,,,,,,,,,,,,
Vitislaus,,,,,,,,1,,,,,,,,,,,,,,,,,,,,,,,,,,,,,,,
Vlricus fil Drizislau,,,,,,,,1,1,1,,,,,,,,,,,,,,,,,,,,,,,,,,,,,
Voyslau,,,,,,,1,,,,,,,,,,,,,,,,,,,,,,,,,,,,,,,,
Vrazec de Saluha,,,,,,,,,,,,,,,,,,,komoří,,,,,,,,,,,,,,,,,,,,
Walech,,,,,,,,,,,,,,,,,,,,,,,,,,,,,,,,,1,,,,,,
Waltzta,,,,,,,,,,,,1,,,,,,,,,,,,,,,,,,,,,,,,,,,
Werner,,,,,,,,,,,,1,,,,,,,,,,,,,,,,,,,,,,,,,,,
Werzovicenses,,,,,,,,,,,,,,,,,,,,,,,,,,,,,,,,,1,,,,,,
Wezel,,,,,,,,,,,,,,,,,,,,,,lovčí,,,,,,,,,,,,,,,,,
Wezmil fil. Soror Martini,,,,,,,,,,,,,,,,,,,,,,,,,,,,,,,,,,,1,,,,
Weztei,,,,,,,,,,,,,,,,,,,,,,,,,,,,,,,,,,,,,,,1
Wichnandus,,,,,,,,,,,,,,,,,,,,,,,,,maršálek biskupa,,,,,,,,,,,,,,
Wilesa,,,,,,,1,,,,,,,,,,,,,,,,,,,,,,,,,,,,,,,,
Wilhelmus Uziz,,,,,,,,,,,,,,,,,,,,,,,,,,,,,,,,,,,1,,,,
Winther fil Wilhardi,,,,,,,,,,1,,,,,,,,,,,,,,,,,,,,,,,,,,,,,
Wiske,,,,,,,,,,,1,,,,,,,,,,,,,,,,,,,,,,,,,,,,
Wissa fr. Marq.,,,,,,,,,,,,,,,,,,,,,,1,,,,,,1,,1,,,,,,,,,
Witek,,,stolník,stolník,kladský kastelán,1,,,?,,?,,,pražský kastelán,1,1,1,,,,1,,1,,,1,,,,,,,,,,,,,
Witigo,,,,,,,,,,,,,,,,,,,,,,,,,,,,,,,,,,,podkomoří,1,,,
Witizlau,,,,,,,,1,,,,,,,,,,,,,,,,,,,,,,,,,,,,,,,
Witla,,,,,,,,,,,,,,,,,,,,,,,,,,,1,,,,,,,,,,,,
Wizha,,,,,,,,,,,,,,,,1,,,,,,,,,,,,,,,,,,,,,,,
Wlad,,,,,1,,,,,,,,,,,,,,,,,,,,,,,,,,,,,,,,,,
Wlastibor,,1,,,,,,,,,,,,,,,,,,,,,,,,,,,,,,,,,,,,,
Wlazt,,,,,,,,,,,,,,,,,,,,,,,,,,,,,,,,,,1,,,,,
Wlaztiz,,,,,,,,,,,,,,,,,,,,,,,,,,,,,,,,,,,,,,1,
Woc,,,budyšínský kastelán,,,,,?,?,,,,,,,,,,,,,,,,,,,,,,,,,,,,,,
Wocco,,,,,,,,1,1,,,,,,,,,,,,,,,,,,,,,,,,,,,,,,
Woita,,,,,,,,,,,,,,,,,,,,,,,,,,,,1,,,,,,,,,,,
Yrud,,,,,,,,1,,,,,,,,,,,,,,,,,,,,,,,,,,,,,,,
Zauise fr. Hermannus,,,1,1,,1,1,,,,,,,boleslavský kastelán,,,,,,,,,1,,,,,,,,,,,,,,?,,
Zawisa,,,,,,,,1,,,,,,,,,,,,,,,,,,,,,,,,,,,,,?,,
Zbis,,,,,,,,,,,,,,,,,,,,,,,,,,1,1,,,,,,,,,,,,
Zbislav,,,,,1,,,,,,,,,,,,,,,,,,,,,,,,,,,,,,,,,,
Zbramir,,1,,,,,,,,,,,,,,,,,,,,,,,,1,,,,1,,,,,1,,,,
Zbraslaus,,,,,,,,1,,,,,,,,,,,,,,,,,,,,,,,,,,,,,,,
Zbraslaus,,,,,,,,1,,,,,,,,,,,,,,,,,,,,,,,,,,,,,,,
Zdislaus fr. Blego,,,,,,,,,,,,,,,,,,,,,,,,,,,,,,,,,,,,,1,,?
Zebraslaus de Turic,,,,,,,,,,,,,,,,,,,,,,,,,,,,,,,1,,,,,,,,
Zedlek,,,,,,,,1,,,,,,,,,,,,,,,,,,,,,,,,,,,,,,,
Zemislaus,,,,,,,,,,,,,,,,,,,,,,,,,,,,,,,,1,,,,,,,
Zezema fil. Bertholdi,,,,,,,,,,,,,,,,,,,,,,,,,,,,,,,,,,,,1,1,,
Zezema fil. Zezema,,,1,,,,,,,,,,,,,,,,,stolník,,,1,,,,,,,,,,,,,,,,
Zezema,,,plzeňský kastelán,plzeňský kastelán,bílinský kastelán,1,1,,,,,,,,,,,,,,,,,,,,,,,,,,,,,,,,
Zlauibor,,,,,,,,stolník,,,,,,,,,,,,,,,,,,,,,,,,,,,,,,,
Zlauik fr. Grabb.,,,,,,,,,,,,,,,,,1,,,,?,,,,,,?,,,,,,,1,1,1,1,,
Zlawa,,,,,,,,1,,,,,,,,,,,,,,,,,,,,,,,,,,,,,,,
Zlawa,,,,,,,,,,,,,,,,,,,sudí,,,,,,,,,,,,,,,,,,,,
Znoiata,,,,,1,,,,,,,,,,,,,,,,,,,,,,,,,,,,,,,,,,
Zstislaus,,,,,,,,,,,,,,,,,,,,,,,,,,,1,,,,,,,,,,,,
Ztoik et Zlavk filius eius,1,,,,,,,,,,,,,,,,,,,,,,,,,,,,,,,,,,,,,,
Zuda fr Jan iudex,,,,,,,,,,,,,,,,,,,,,,,,,,,,1,,,,,,,,1,,,
Zudiwoy,,,,,,,,,,,,,,,,,,,,,,,,,,,,,,,,,1,,,,,,
Zulislau,,,,,,,,,,,,,,,,,,,,,,,,,,,1,,,,,,,,,,,,
